-- Adminer 4.2.5 MySQL dump

SET NAMES utf8;
SET time_zone = '+00:00';
SET foreign_key_checks = 0;
SET sql_mode = 'NO_AUTO_VALUE_ON_ZERO';

CREATE DATABASE `sql6140956` /*!40100 DEFAULT CHARACTER SET latin1 */;
USE `sql6140956`;

CREATE TABLE `customer` (
  `id` int(11) NOT NULL AUTO_INCREMENT,
  `firstName` varchar(20) NOT NULL,
  `lastName` varchar(20) NOT NULL,
  `email` varchar(30) NOT NULL,
  `password` char(60) NOT NULL,
  `phone` int(11) NOT NULL,
  `registrationDate` datetime NOT NULL,
  PRIMARY KEY (`id`)
) ENGINE=InnoDB DEFAULT CHARSET=utf8;

INSERT INTO `customer` (`id`, `firstName`, `lastName`, `email`, `password`, `phone`, `registrationDate`) VALUES
(1,	'Javadi',	'Isdabest',	'aa',	'$2a$11$wm6meYM94x9WOkZ0prh4iuae8CqW7nWJAJ92asjo7R1cJWBE5tlbG',	123456789,	'2016-11-26 11:01:41');

CREATE TABLE `genre` (
  `id` int(11) NOT NULL AUTO_INCREMENT,
  `name` varchar(15) NOT NULL,
  PRIMARY KEY (`id`)
) ENGINE=InnoDB DEFAULT CHARSET=utf8;

INSERT INTO `genre` (`id`, `name`) VALUES
(1,	'Action'),
(2,	'Adventure'),
(3,	'Comedy'),
(4,	'Drama'),
(5,	'Fantasy'),
(6,	'Historical'),
(7,	'Sci-fi'),
(8,	'Children'),
(9,	'Thriller');

CREATE TABLE `movie` (
  `id` int(11) NOT NULL AUTO_INCREMENT,
  `movieName` varchar(50) NOT NULL,
  `movieRating` tinyint(4) NOT NULL,
  `description` varchar(300) NOT NULL,
  `accessibility` enum('_0','_13','_15','_18') NOT NULL,
  `releaseDate` date NOT NULL,
  `imdb` varchar(100) DEFAULT NULL,
  `img` varchar(250) DEFAULT NULL,
  `isHot` tinyint(4) NOT NULL DEFAULT '0',
  `trailer` varchar(250) NOT NULL,
  PRIMARY KEY (`id`)
) ENGINE=InnoDB DEFAULT CHARSET=utf8;

INSERT INTO `movie` (`id`, `movieName`, `movieRating`, `description`, `accessibility`, `releaseDate`, `imdb`, `img`, `isHot`, `trailer`) VALUES
(1,	'Avatar',	10,	'A paraplegic marine dispatched to the moon Pandora on a unique mission becomes torn between following his orders and protecting the world he feels is his home.',	'_0',	'2009-10-27',	'http://www.imdb.com/title/tt0499549/',	'https://images-na.ssl-images-amazon.com/images/M/MV5BMTYwOTEwNjAzMl5BMl5BanBnXkFtZTcwODc5MTUwMw@@._V1_.jpg',	0,	'https://www.youtube.com/embed/5PSNL1qE6VY'),
(2,	'Doctor Strange',	9,	'A former neurosurgeon embarks on a journey of healing only to be drawn into the world of the mystic arts.',	'_13',	'2016-10-27',	'http://www.imdb.com/title/tt1211837/',	'https://images-na.ssl-images-amazon.com/images/M/MV5BMjM2ODA4MTM0M15BMl5BanBnXkFtZTgwNzE5OTYxMDI@._V1_SY1000_CR0,0,683,1000_AL_.jpg',	1,	'https://www.youtube.com/embed/HSzx-zryEgM'),
(3,	'Fantastic Beasts and Where to Find Them',	9,	'The adventures of writer Newt Scamander in New York\'s secret community of witches and wizards seventy years before Harry Potter reads his book in school.',	'_13',	'2016-11-17',	'http://www.imdb.com/title/tt3183660/',	'https://images-na.ssl-images-amazon.com/images/M/MV5BMjMxOTM1OTI4MV5BMl5BanBnXkFtZTgwODE5OTYxMDI@._V1_SY1000_CR0,0,674,1000_AL_.jpg',	1,	'https://www.youtube.com/embed/ViuDsy7yb8M'),
(4,	'Hacksaw Ridge',	10,	'WWII American Army Medic Desmond T. Doss, who served during the Battle of Okinawa, refuses to kill people and becomes the first Conscientious Objector in American history to be awarded the Medal of Honor.',	'_13',	'2016-11-04',	'http://www.imdb.com/title/tt2119532/',	'https://images-na.ssl-images-amazon.com/images/M/MV5BMjQ1NjM3MTUxNV5BMl5BanBnXkFtZTgwMDc5MTY5OTE@._V1_SY1000_CR0,0,647,1000_AL_.jpg',	1,	'https://www.youtube.com/embed/s2-1hz1juBI'),
(5,	'Inferno',	7,	'When Robert Langdon wakes up in an Italian hospital with amnesia, he teams up with Dr. Sienna Brooks, and together they must race across Europe against the clock to foil a deadly global plot.',	'_13',	'2016-10-28',	'http://www.imdb.com/title/tt3062096/',	'https://images-na.ssl-images-amazon.com/images/M/MV5BMTUzNTE2NTkzMV5BMl5BanBnXkFtZTgwMDAzOTUyMDI@._V1_SY1000_CR0,0,674,1000_AL_.jpg',	0,	'https://www.youtube.com/embed/RH2BD49sEZI'),
(6,	'Arrival',	9,	'A linguist is recruited by the military to assist in translating alien communications.',	'_13',	'2016-11-11',	'http://www.imdb.com/title/tt2543164/',	'https://images-na.ssl-images-amazon.com/images/M/MV5BMTExMzU0ODcxNDheQTJeQWpwZ15BbWU4MDE1OTI4MzAy._V1_SY1000_CR0,0,640,1000_AL_.jpg',	0,	'https://www.youtube.com/embed/ZLO4X6UI8OY'),
(7,	'The Secret Life of Pets',	7,	'The quiet life of a terrier named Max is upended when his owner takes in Duke, a stray whom Max instantly dislikes.',	'_0',	'2016-07-08',	'http://www.imdb.com/title/tt2709768/',	'https://images-na.ssl-images-amazon.com/images/M/MV5BMjIzMzA1OTkzNV5BMl5BanBnXkFtZTgwODE3MjM4NzE@._V1_.jpg',	0,	'https://www.youtube.com/embed/i-80SGWfEjM'),
(8,	'Trolls',	7,	'After the Bergens invade Troll Village, Poppy, the happiest Troll ever born, and the curmudgeonly Branch set off on a journey to rescue her friends.',	'_0',	'2016-11-04',	'http://www.imdb.com/title/tt1679335/',	'https://images-na.ssl-images-amazon.com/images/M/MV5BMTkxNDc3OTcxMV5BMl5BanBnXkFtZTgwODk2NjAzOTE@._V1_SY1000_CR0,0,673,1000_AL_.jpg',	0,	'https://www.youtube.com/embed/xyjm5VQ11TQ'),
(9,	'The Accountant',	7,	'As a math savant uncooks the books for a new client, the Treasury Department closes in on his activities and the body count starts to rise.',	'_15',	'2016-10-14',	'http://www.imdb.com/title/tt2140479/',	'https://images-na.ssl-images-amazon.com/images/M/MV5BNDc5Mzg2NTYxNV5BMl5BanBnXkFtZTgwMjQ2ODAwOTE@._V1_SY1000_CR0,0,674,1000_AL_.jpg',	0,	'https://www.youtube.com/embed/DBfsgcswlYQ'),
(10,	'Bad Santa 2',	8,	'Fueled by cheap whiskey, greed and hatred, Willie teams up once again with his angry little sidekick, Marcus, to knock off a Chicago charity on Christmas Eve.',	'_13',	'2016-11-23',	'http://www.imdb.com/title/tt1798603/',	'https://images-na.ssl-images-amazon.com/images/M/MV5BMjM2MjE5Mzc4OF5BMl5BanBnXkFtZTgwMjc3NjEyMDI@._V1_SY1000_SX675_AL_.jpg',	0,	'https://www.youtube.com/embed/fgegJL_UZ7c'),
(11,	'Assassin\'s Creed',	9,	'When Callum Lynch explores the memories of his ancestor Aguilar and gains the skills of a Master Assassin, he discovers he is a descendant of the secret Assassins society.',	'_13',	'2016-12-21',	'http://www.imdb.com/title/tt2094766/',	'https://images-na.ssl-images-amazon.com/images/M/MV5BMTU2Mjc1ODY2OV5BMl5BanBnXkFtZTgwNTMzMTYzMDI@._V1_SY1000_CR0,0,674,1000_AL_.jpg',	1,	'https://www.youtube.com/embed/gfJVoF5ko1Y'),
(12,	'Ice Age: Collision Course',	6,	'Manny, Diego, and Sid join up with Buck to fend off a meteor strike that would destroy the world.',	'_0',	'2016-07-22',	'http://www.imdb.com/title/tt3416828/',	'https://images-na.ssl-images-amazon.com/images/M/MV5BMTUwMTk2ODc1OV5BMl5BanBnXkFtZTgwMzU4MzgzOTE@._V1_SY1000_CR0,0,675,1000_AL_.jpg',	0,	'https://www.youtube.com/embed/HyLquKn3Swc'),
(13,	'Moana',	8,	'In Ancient Polynesia, when an terrible curse incurred by Maui reaches an impetuous Chieftain\'s daughter\'s island, she answers the Ocean\'s call to seek out the demigod to set things right.',	'_0',	'2016-11-23',	'http://www.imdb.com/title/tt3521164/',	'https://images-na.ssl-images-amazon.com/images/M/MV5BMjI4MzU5NTExNF5BMl5BanBnXkFtZTgwNzY1MTEwMDI@._V1_SY1000_CR0,0,674,1000_AL_.jpg',	1,	'https://www.youtube.com/embed/LKFuXETZUsI'),
(14,	'Miss Peregrine\'s Home for Peculiar Children',	7,	'When Jacob discovers clues to a mystery that stretches across time, he finds Miss Peregrine\'s Home for Peculiar Children. But the danger deepens after he gets to know the residents and learns about their special powers.',	'_13',	'2016-09-30',	'http://www.imdb.com/title/tt1935859/',	'https://images-na.ssl-images-amazon.com/images/M/MV5BMTA1NDg2MzM5NDleQTJeQWpwZ15BbWU4MDA5OTg5MTkx._V1_SY1000_CR0,0,674,1000_AL_.jpg',	0,	'https://www.youtube.com/embed/tV_IhWE4LP0'),
(15,	'Nine Lives',	5,	'A stuffy businessman finds himself trapped inside the body of his family\'s cat.',	'_0',	'2016-08-05',	'http://www.imdb.com/title/tt4383594/',	'https://images-na.ssl-images-amazon.com/images/M/MV5BMzEzMjkwMjc3NV5BMl5BanBnXkFtZTgwMzc0NjY5ODE@._V1_SY1000_CR0,0,675,1000_AL_.jpg',	0,	'https://www.youtube.com/embed/_jHA97HzhxE'),
(16,	'The Girl on the Train',	7,	'A divorcee becomes entangled in a missing persons investigation that promises to send shockwaves throughout her life.',	'_15',	'2016-10-07',	'http://www.imdb.com/title/tt3631112/',	'https://images-na.ssl-images-amazon.com/images/M/MV5BMjEwNDU4NTQwMl5BMl5BanBnXkFtZTgwMzQ2MjIwMDI@._V1_SY1000_CR0,0,631,1000_AL_.jpg',	0,	'https://www.youtube.com/embed/KkoEE1i0CX8'),
(17,	'Bridget Jones\'s Baby',	7,	'Bridget\'s focus on single life and her career is interrupted when she finds herself pregnant, but with one hitch ... she can only be fifty percent sure of the identity of her baby\'s father.',	'_15',	'2016-09-16',	'http://www.imdb.com/title/tt1473832/',	'https://images-na.ssl-images-amazon.com/images/M/MV5BMjQyMTI0MjIyOV5BMl5BanBnXkFtZTgwMzEyMjQ1ODE@._V1_SY1000_CR0,0,675,1000_AL_.jpg',	0,	'https://www.youtube.com/embed/mJsvmscPY9w'),
(18,	'Anthropoid ',	7,	'Based on the extraordinary true story of Operation Anthropoid, the WWII mission to assassinate SS General Reinhard Heydrich, the main architect behind the Final Solution and the Reich\'s third in command after Hitler and Himmler.',	'_13',	'2016-09-28',	'http://www.imdb.com/title/tt4190530/',	'https://images-na.ssl-images-amazon.com/images/M/MV5BMjIxNzE0NjY1Nl5BMl5BanBnXkFtZTgwNjYzOTkxOTE@._V1_SY1000_CR0,0,674,1000_AL_.jpg',	0,	'https://www.youtube.com/embed/blAKCJcXC5c'),
(19,	'It\'s Only the End of the World',	7,	'Louis (Gaspard Ulliel), a terminally ill writer, returns home after a long absence to tell his family that he is dying.',	'_13',	'2016-11-10',	'http://www.imdb.com/title/tt4645368/',	'https://images-na.ssl-images-amazon.com/images/M/MV5BMzk5OWJkZDItODdmMS00ZWIyLWJmYjUtOTQyYzlmNDk4ZDY0XkEyXkFqcGdeQXVyNTAzMDcxMjM@._V1_SY1000_CR0,0,692,1000_AL_.jpg',	0,	'https://www.youtube.com/embed/mLDP3U7gpnw');

INSERT INTO `movie_genre` (`movieID`, `genreID`) VALUES
(1,	2),
(1,	5),
(1,	7),
(2,	1),
(2,	2),
(2,	5),
(3,	2),
(3,	5),
(4,	4),
(5,	9),
(6,	4),
(6,	7),
(6,	9),
(7,	3),
(7,	8),
(8,	2),
(8,	5),
(8,	8),
(9,	4),
(9,	1),
(10,	3),
(11,	1),
(11,	2),
(11,	7),
(12,	3),
(14,	2),
(14,	5),
(15,	3),
(16,	9),
(17,	3),
(18,	9),
(18,	4),
(19,	4),
(18,	6),
(13,	1),
(13,	2);

CREATE TABLE `payment` (
  `id` int(11) NOT NULL AUTO_INCREMENT,
  `timeOfPayment` datetime NOT NULL,
  `numTicket` int(11) NOT NULL,
  `totalAmount` float NOT NULL,
  `customerID` int(11) NOT NULL,
  `showtimeID` int(11) NOT NULL,
  PRIMARY KEY (`id`),
  KEY `customerID` (`customerID`),
  KEY `showtimeID` (`showtimeID`),
  CONSTRAINT `payment_ibfk_1` FOREIGN KEY (`customerID`) REFERENCES `customer` (`id`),
  CONSTRAINT `payment_ibfk_3` FOREIGN KEY (`showtimeID`) REFERENCES `showtime` (`id`)
) ENGINE=InnoDB DEFAULT CHARSET=utf8;

INSERT INTO `payment` (`id`, `timeOfPayment`, `numTicket`, `totalAmount`, `customerID`, `showtimeID`) VALUES
(1,	'2016-12-05 18:59:28',	2,	41.4,	1,	100),
(2,	'2016-12-06 17:52:49',	2,	35.2,	1,	510),
(3,	'2016-12-06 17:53:17',	5,	93.5,	1,	267),
(4,	'2016-12-07 10:28:35',	12,	206.4,	1,	503),
(5,	'2016-12-07 10:52:21',	21,	287.7,	1,	255),
(6,	'2016-12-07 11:37:00',	3,	44.7,	1,	96);

CREATE TABLE `showtime` (
  `id` int(11) NOT NULL AUTO_INCREMENT,
  `time` datetime NOT NULL,
  `price` float unsigned NOT NULL,
  `ticketsAvailable` tinyint(3) unsigned NOT NULL,
  `movieID` int(11) NOT NULL,
  `theaterID` int(11) NOT NULL,
  PRIMARY KEY (`id`),
  KEY `movieID` (`movieID`),
  KEY `theaterID` (`theaterID`),
  CONSTRAINT `showtime_ibfk_1` FOREIGN KEY (`movieID`) REFERENCES `movie` (`id`),
  CONSTRAINT `showtime_ibfk_2` FOREIGN KEY (`theaterID`) REFERENCES `theater` (`id`)
) ENGINE=InnoDB DEFAULT CHARSET=utf8;

INSERT INTO `showtime` (`id`, `time`, `price`, `ticketsAvailable`, `movieID`, `theaterID`) VALUES
(1,	'2016-11-16 14:10:00',	17,	60,	4,	1),
(2,	'2016-11-16 17:30:00',	14.6,	130,	13,	1),
(3,	'2016-11-16 20:15:00',	14.7,	100,	17,	1),
(4,	'2016-11-17 14:10:00',	20.7,	135,	4,	1),
(5,	'2016-11-17 17:30:00',	16.9,	128,	8,	1),
(6,	'2016-11-17 20:15:00',	12.9,	110,	3,	1),
(7,	'2016-11-18 14:10:00',	21.6,	48,	5,	1),
(8,	'2016-11-18 17:30:00',	19.9,	115,	3,	1),
(9,	'2016-11-18 20:15:00',	16,	58,	7,	1),
(10,	'2016-11-19 14:10:00',	12.5,	28,	19,	1),
(11,	'2016-11-19 17:30:00',	18.1,	119,	3,	1),
(12,	'2016-11-19 20:15:00',	14.4,	137,	17,	1),
(13,	'2016-11-20 14:10:00',	20,	47,	3,	1),
(14,	'2016-11-20 17:30:00',	16,	115,	9,	1),
(15,	'2016-11-20 20:15:00',	19.2,	109,	5,	1),
(16,	'2016-11-21 14:10:00',	14,	137,	2,	1),
(17,	'2016-11-21 17:30:00',	15,	59,	8,	1),
(18,	'2016-11-21 20:15:00',	12.1,	130,	1,	1),
(19,	'2016-11-22 14:10:00',	16.7,	140,	18,	1),
(20,	'2016-11-22 17:30:00',	19.5,	60,	18,	1),
(21,	'2016-11-22 20:15:00',	13.4,	60,	12,	1),
(22,	'2016-11-23 14:10:00',	21.5,	110,	10,	1),
(23,	'2016-11-23 17:30:00',	14.2,	60,	8,	1),
(24,	'2016-11-23 20:15:00',	21.2,	120,	10,	1),
(25,	'2016-11-24 14:10:00',	13.5,	60,	7,	1),
(26,	'2016-11-24 17:30:00',	13.7,	130,	10,	1),
(27,	'2016-11-24 20:15:00',	17.4,	100,	9,	1),
(28,	'2016-11-25 14:10:00',	14.9,	80,	7,	1),
(29,	'2016-11-25 17:30:00',	21.5,	130,	6,	1),
(30,	'2016-11-25 20:15:00',	12.2,	120,	7,	1),
(31,	'2016-11-26 14:10:00',	16.5,	70,	15,	1),
(32,	'2016-11-26 17:30:00',	21.8,	70,	18,	1),
(33,	'2016-11-26 20:15:00',	20.1,	90,	16,	1),
(34,	'2016-11-27 14:10:00',	19.5,	100,	14,	1),
(35,	'2016-11-27 17:30:00',	18.3,	110,	1,	1),
(36,	'2016-11-27 20:15:00',	14.9,	140,	19,	1),
(37,	'2016-11-28 14:10:00',	15.7,	60,	3,	1),
(38,	'2016-11-28 17:30:00',	16.8,	70,	19,	1),
(39,	'2016-11-28 20:15:00',	20.5,	80,	18,	1),
(40,	'2016-11-29 14:10:00',	13.7,	60,	16,	1),
(41,	'2016-11-29 17:30:00',	12.9,	70,	12,	1),
(42,	'2016-11-29 20:15:00',	15.8,	70,	10,	1),
(43,	'2016-11-30 14:10:00',	14.7,	100,	14,	1),
(44,	'2016-11-30 17:30:00',	21.8,	80,	6,	1),
(45,	'2016-11-30 20:15:00',	15.7,	140,	12,	1),
(46,	'2016-12-01 14:10:00',	17,	110,	2,	1),
(47,	'2016-12-01 17:30:00',	18,	100,	6,	1),
(48,	'2016-12-01 20:15:00',	16.1,	130,	10,	1),
(49,	'2016-12-02 14:10:00',	21.1,	70,	18,	1),
(50,	'2016-12-02 17:30:00',	21.1,	140,	9,	1),
(51,	'2016-12-02 20:15:00',	14.1,	140,	10,	1),
(52,	'2016-12-03 14:10:00',	13.7,	110,	1,	1),
(53,	'2016-12-03 17:30:00',	18.2,	70,	15,	1),
(54,	'2016-12-03 20:15:00',	16.5,	50,	19,	1),
(55,	'2016-12-04 14:10:00',	21.2,	140,	17,	1),
(56,	'2016-12-04 17:30:00',	19,	100,	7,	1),
(57,	'2016-12-04 20:15:00',	19,	50,	15,	1),
(58,	'2016-12-05 14:10:00',	17.2,	140,	16,	1),
(59,	'2016-12-05 17:30:00',	21.2,	90,	2,	1),
(60,	'2016-12-05 20:15:00',	14.4,	60,	17,	1),
(61,	'2016-12-06 14:10:00',	14.1,	120,	18,	1),
(62,	'2016-12-06 17:30:00',	21.2,	110,	9,	1),
(63,	'2016-12-06 20:15:00',	15.1,	60,	3,	1),
(64,	'2016-12-07 14:10:00',	13,	70,	15,	1),
(65,	'2016-12-07 17:30:00',	17.6,	50,	10,	1),
(66,	'2016-12-07 20:15:00',	16.6,	80,	8,	1),
(67,	'2016-12-08 14:10:00',	17.3,	120,	18,	1),
(68,	'2016-12-08 17:30:00',	12.5,	110,	4,	1),
(69,	'2016-12-08 20:15:00',	18.6,	130,	17,	1),
(70,	'2016-12-09 14:10:00',	17,	50,	8,	1),
(71,	'2016-12-09 17:30:00',	19.1,	80,	6,	1),
(72,	'2016-12-09 20:15:00',	15.6,	130,	16,	1),
(73,	'2016-12-10 14:10:00',	14.1,	120,	18,	1),
(74,	'2016-12-10 17:30:00',	15.6,	110,	19,	1),
(75,	'2016-12-10 20:15:00',	15.7,	70,	2,	1),
(76,	'2016-12-11 14:10:00',	17.1,	100,	18,	1),
(77,	'2016-12-11 17:30:00',	21.4,	100,	10,	1),
(78,	'2016-12-11 20:15:00',	20.9,	50,	8,	1),
(79,	'2016-12-12 14:10:00',	17.1,	70,	14,	1),
(80,	'2016-12-12 17:30:00',	12,	130,	14,	1),
(81,	'2016-12-12 20:15:00',	16.9,	70,	1,	1),
(82,	'2016-12-13 14:10:00',	18.9,	110,	17,	1),
(83,	'2016-12-13 17:30:00',	12.2,	110,	5,	1),
(84,	'2016-12-13 20:15:00',	16,	130,	19,	1),
(85,	'2016-12-14 14:10:00',	15.1,	110,	5,	1),
(86,	'2016-12-14 17:30:00',	19.3,	90,	19,	1),
(87,	'2016-12-14 20:15:00',	15.5,	100,	18,	1),
(88,	'2016-12-15 14:10:00',	14.3,	100,	2,	1),
(89,	'2016-12-15 17:30:00',	12.4,	50,	19,	1),
(90,	'2016-12-15 20:15:00',	13.6,	60,	9,	1),
(91,	'2016-12-16 14:10:00',	21.1,	110,	7,	1),
(92,	'2016-12-16 17:30:00',	12.7,	60,	8,	1),
(93,	'2016-12-16 20:15:00',	15.9,	100,	12,	1),
(94,	'2016-12-17 14:10:00',	15.8,	60,	3,	1),
(95,	'2016-12-17 17:30:00',	21.7,	100,	8,	1),
(96,	'2016-12-17 20:15:00',	14.9,	120,	14,	1),
(97,	'2016-12-18 14:10:00',	18.7,	100,	19,	1),
(98,	'2016-12-18 17:30:00',	16.7,	130,	16,	1),
(99,	'2016-12-18 20:15:00',	19.4,	60,	15,	1),
(100,	'2016-12-19 14:10:00',	20.7,	90,	8,	1),
(101,	'2016-12-19 17:30:00',	13.9,	50,	5,	1),
(102,	'2016-12-19 20:15:00',	13.7,	130,	13,	1),
(103,	'2016-12-20 14:10:00',	13.9,	50,	18,	1),
(104,	'2016-12-20 17:30:00',	17.9,	90,	12,	1),
(105,	'2016-12-20 20:15:00',	17,	120,	11,	1),
(106,	'2016-12-21 14:10:00',	18.4,	100,	16,	1),
(107,	'2016-12-21 17:30:00',	16.8,	70,	11,	1),
(108,	'2016-12-21 20:15:00',	21.3,	100,	1,	1),
(109,	'2016-12-22 14:10:00',	19.4,	110,	13,	1),
(110,	'2016-12-22 17:30:00',	14.6,	140,	18,	1),
(111,	'2016-12-22 20:15:00',	13.2,	80,	12,	1),
(112,	'2016-12-23 14:10:00',	18.6,	90,	6,	1),
(113,	'2016-12-23 17:30:00',	19,	120,	7,	1),
(114,	'2016-12-23 20:15:00',	18.8,	80,	15,	1),
(115,	'2016-12-24 14:10:00',	19.4,	80,	2,	1),
(116,	'2016-12-24 17:30:00',	14.4,	50,	3,	1),
(117,	'2016-12-24 20:15:00',	20.2,	50,	5,	1),
(118,	'2016-12-25 14:10:00',	14.7,	90,	12,	1),
(119,	'2016-12-25 17:30:00',	14.2,	90,	8,	1),
(120,	'2016-12-25 20:15:00',	18.2,	50,	1,	1),
(121,	'2016-12-26 14:10:00',	14.4,	50,	19,	1),
(122,	'2016-12-26 17:30:00',	14.4,	120,	13,	1),
(123,	'2016-12-26 20:15:00',	19.2,	130,	14,	1),
(124,	'2016-12-27 14:10:00',	13.4,	140,	19,	1),
(125,	'2016-12-27 17:30:00',	21.2,	80,	11,	1),
(126,	'2016-12-27 20:15:00',	12.8,	120,	14,	1),
(127,	'2016-12-28 14:10:00',	21.6,	140,	1,	1),
(128,	'2016-12-28 17:30:00',	19.8,	100,	18,	1),
(129,	'2016-12-28 20:15:00',	15.2,	80,	7,	1),
(130,	'2016-12-29 14:10:00',	17.6,	80,	18,	1),
(131,	'2016-12-29 17:30:00',	21.9,	110,	17,	1),
(132,	'2016-12-29 20:15:00',	18.6,	130,	2,	1),
(133,	'2016-12-30 14:10:00',	16.6,	110,	3,	1),
(134,	'2016-12-30 17:30:00',	18,	70,	11,	1),
(135,	'2016-12-30 20:15:00',	21.6,	120,	3,	1),
(136,	'2016-12-31 14:10:00',	18.4,	60,	10,	1),
(137,	'2016-12-31 17:30:00',	21.9,	70,	1,	1),
(138,	'2016-12-31 20:15:00',	19.9,	100,	3,	1),
(139,	'2016-11-16 12:20:00',	16.1,	80,	8,	2),
(140,	'2016-11-16 15:20:00',	17.4,	60,	9,	2),
(141,	'2016-11-16 18:20:00',	20,	130,	3,	2),
(142,	'2016-11-16 21:30:00',	18.9,	120,	5,	2),
(143,	'2016-11-17 12:20:00',	12.9,	110,	6,	2),
(144,	'2016-11-17 15:20:00',	14.2,	80,	17,	2),
(145,	'2016-11-17 18:20:00',	14.9,	100,	7,	2),
(146,	'2016-11-17 21:30:00',	14.4,	90,	9,	2),
(147,	'2016-11-18 12:20:00',	16.5,	130,	5,	2),
(148,	'2016-11-18 15:20:00',	13.3,	50,	12,	2),
(149,	'2016-11-18 18:20:00',	13.1,	90,	16,	2),
(150,	'2016-11-18 21:30:00',	17.7,	70,	12,	2),
(151,	'2016-11-19 12:20:00',	12.4,	60,	19,	2),
(152,	'2016-11-19 15:20:00',	14.8,	130,	6,	2),
(153,	'2016-11-19 18:20:00',	13,	70,	16,	2),
(154,	'2016-11-19 21:30:00',	16.8,	100,	6,	2),
(155,	'2016-11-20 12:20:00',	15.9,	110,	2,	2),
(156,	'2016-11-20 15:20:00',	19.7,	50,	14,	2),
(157,	'2016-11-20 18:20:00',	22,	140,	14,	2),
(158,	'2016-11-20 21:30:00',	17.1,	90,	14,	2),
(159,	'2016-11-21 12:20:00',	17.6,	120,	5,	2),
(160,	'2016-11-21 15:20:00',	17.7,	70,	8,	2),
(161,	'2016-11-21 18:20:00',	17.9,	60,	17,	2),
(162,	'2016-11-21 21:30:00',	13.2,	60,	13,	2),
(163,	'2016-11-22 12:20:00',	20.3,	110,	7,	2),
(164,	'2016-11-22 15:20:00',	21.6,	90,	2,	2),
(165,	'2016-11-22 18:20:00',	17.3,	140,	5,	2),
(166,	'2016-11-22 21:30:00',	15.2,	130,	17,	2),
(167,	'2016-11-23 12:20:00',	20.2,	70,	6,	2),
(168,	'2016-11-23 15:20:00',	21.8,	100,	10,	2),
(169,	'2016-11-23 18:20:00',	14,	110,	10,	2),
(170,	'2016-11-23 21:30:00',	20.4,	140,	4,	2),
(171,	'2016-11-24 12:20:00',	20.1,	100,	13,	2),
(172,	'2016-11-24 15:20:00',	17.1,	50,	1,	2),
(173,	'2016-11-24 18:20:00',	18.8,	80,	13,	2),
(174,	'2016-11-24 21:30:00',	20.8,	110,	13,	2),
(175,	'2016-11-25 12:20:00',	20.6,	70,	10,	2),
(176,	'2016-11-25 15:20:00',	14.3,	70,	14,	2),
(177,	'2016-11-25 18:20:00',	12.1,	60,	1,	2),
(178,	'2016-11-25 21:30:00',	21,	130,	3,	2),
(179,	'2016-11-26 12:20:00',	13.5,	60,	1,	2),
(180,	'2016-11-26 15:20:00',	16.8,	100,	7,	2),
(181,	'2016-11-26 18:20:00',	18,	90,	18,	2),
(182,	'2016-11-26 21:30:00',	14.2,	110,	5,	2),
(183,	'2016-11-27 12:20:00',	19.7,	50,	3,	2),
(184,	'2016-11-27 15:20:00',	20.1,	100,	17,	2),
(185,	'2016-11-27 18:20:00',	18.4,	60,	5,	2),
(186,	'2016-11-27 21:30:00',	13.9,	100,	14,	2),
(187,	'2016-11-28 12:20:00',	16.5,	90,	6,	2),
(188,	'2016-11-28 15:20:00',	18.9,	80,	8,	2),
(189,	'2016-11-28 18:20:00',	21.5,	110,	14,	2),
(190,	'2016-11-28 21:30:00',	14.9,	90,	14,	2),
(191,	'2016-11-29 12:20:00',	12.2,	90,	13,	2),
(192,	'2016-11-29 15:20:00',	18.8,	140,	13,	2),
(193,	'2016-11-29 18:20:00',	18.9,	70,	17,	2),
(194,	'2016-11-29 21:30:00',	13.1,	110,	4,	2),
(195,	'2016-11-30 12:20:00',	15.5,	80,	15,	2),
(196,	'2016-11-30 15:20:00',	18,	140,	5,	2),
(197,	'2016-11-30 18:20:00',	21.4,	140,	9,	2),
(198,	'2016-11-30 21:30:00',	12.6,	130,	3,	2),
(199,	'2016-12-01 12:20:00',	22,	50,	8,	2),
(200,	'2016-12-01 15:20:00',	12.2,	130,	12,	2),
(201,	'2016-12-01 18:20:00',	12.5,	50,	18,	2),
(202,	'2016-12-01 21:30:00',	16.6,	60,	5,	2),
(203,	'2016-12-02 12:20:00',	19.6,	110,	3,	2),
(204,	'2016-12-02 15:20:00',	12.9,	80,	14,	2),
(205,	'2016-12-02 18:20:00',	13.7,	50,	9,	2),
(206,	'2016-12-02 21:30:00',	16.3,	80,	10,	2),
(207,	'2016-12-03 12:20:00',	20.7,	60,	16,	2),
(208,	'2016-12-03 15:20:00',	17.7,	100,	3,	2),
(209,	'2016-12-03 18:20:00',	21.8,	50,	2,	2),
(210,	'2016-12-03 21:30:00',	12.8,	60,	4,	2),
(211,	'2016-12-04 12:20:00',	20.7,	80,	1,	2),
(212,	'2016-12-04 15:20:00',	17.4,	60,	7,	2),
(213,	'2016-12-04 18:20:00',	18.3,	70,	3,	2),
(214,	'2016-12-04 21:30:00',	17.9,	110,	6,	2),
(215,	'2016-12-05 12:20:00',	20.6,	120,	13,	2),
(216,	'2016-12-05 15:20:00',	18.8,	110,	14,	2),
(217,	'2016-12-05 18:20:00',	17.4,	50,	7,	2),
(218,	'2016-12-05 21:30:00',	15.6,	140,	2,	2),
(219,	'2016-12-06 12:20:00',	18.9,	110,	18,	2),
(220,	'2016-12-06 15:20:00',	14.7,	120,	15,	2),
(221,	'2016-12-06 18:20:00',	15.3,	110,	13,	2),
(222,	'2016-12-06 21:30:00',	13.2,	100,	3,	2),
(223,	'2016-12-07 12:20:00',	14.4,	70,	17,	2),
(224,	'2016-12-07 15:20:00',	18.9,	130,	6,	2),
(225,	'2016-12-07 18:20:00',	17.1,	80,	2,	2),
(226,	'2016-12-07 21:30:00',	12.7,	90,	19,	2),
(227,	'2016-12-08 12:20:00',	21,	50,	1,	2),
(228,	'2016-12-08 15:20:00',	20.9,	60,	9,	2),
(229,	'2016-12-08 18:20:00',	17.2,	110,	13,	2),
(230,	'2016-12-08 21:30:00',	21,	120,	1,	2),
(231,	'2016-12-09 12:20:00',	16.1,	60,	14,	2),
(232,	'2016-12-09 15:20:00',	21,	50,	1,	2),
(233,	'2016-12-09 18:20:00',	12.2,	100,	12,	2),
(234,	'2016-12-09 21:30:00',	16.9,	140,	13,	2),
(235,	'2016-12-10 12:20:00',	18.7,	80,	10,	2),
(236,	'2016-12-10 15:20:00',	15.9,	90,	2,	2),
(237,	'2016-12-10 18:20:00',	13.4,	120,	16,	2),
(238,	'2016-12-10 21:30:00',	15.9,	120,	9,	2),
(239,	'2016-12-11 12:20:00',	17.5,	50,	7,	2),
(240,	'2016-12-11 15:20:00',	16,	130,	8,	2),
(241,	'2016-12-11 18:20:00',	14.8,	70,	16,	2),
(242,	'2016-12-11 21:30:00',	15.1,	80,	17,	2),
(243,	'2016-12-12 12:20:00',	21.7,	120,	1,	2),
(244,	'2016-12-12 15:20:00',	20,	50,	13,	2),
(245,	'2016-12-12 18:20:00',	14.7,	140,	9,	2),
(246,	'2016-12-12 21:30:00',	17.5,	100,	3,	2),
(247,	'2016-12-13 12:20:00',	19.6,	60,	13,	2),
(248,	'2016-12-13 15:20:00',	14.6,	50,	8,	2),
(249,	'2016-12-13 18:20:00',	13.7,	120,	14,	2),
(250,	'2016-12-13 21:30:00',	12.2,	90,	7,	2),
(251,	'2016-12-14 12:20:00',	14.1,	50,	18,	2),
(252,	'2016-12-14 15:20:00',	20,	120,	1,	2),
(253,	'2016-12-14 18:20:00',	14.8,	90,	14,	2),
(254,	'2016-12-14 21:30:00',	17.9,	50,	7,	2),
(255,	'2016-12-15 12:20:00',	13.7,	50,	3,	2),
(256,	'2016-12-15 15:20:00',	16.2,	130,	14,	2),
(257,	'2016-12-15 18:20:00',	15.6,	80,	3,	2),
(258,	'2016-12-15 21:30:00',	18.2,	110,	5,	2),
(259,	'2016-12-16 12:20:00',	13.8,	120,	13,	2),
(260,	'2016-12-16 15:20:00',	12.1,	100,	9,	2),
(261,	'2016-12-16 18:20:00',	13.6,	50,	3,	2),
(262,	'2016-12-16 21:30:00',	12.4,	60,	16,	2),
(263,	'2016-12-17 12:20:00',	18,	60,	1,	2),
(264,	'2016-12-17 15:20:00',	19.1,	130,	17,	2),
(265,	'2016-12-17 18:20:00',	21.3,	130,	3,	2),
(266,	'2016-12-17 21:30:00',	12.1,	130,	13,	2),
(267,	'2016-12-18 12:20:00',	18.7,	90,	3,	2),
(268,	'2016-12-18 15:20:00',	12.6,	110,	18,	2),
(269,	'2016-12-18 18:20:00',	16.6,	140,	1,	2),
(270,	'2016-12-18 21:30:00',	12.3,	50,	6,	2),
(271,	'2016-12-19 12:20:00',	18.9,	80,	4,	2),
(272,	'2016-12-19 15:20:00',	17.5,	110,	4,	2),
(273,	'2016-12-19 18:20:00',	18.8,	130,	13,	2),
(274,	'2016-12-19 21:30:00',	17,	110,	17,	2),
(275,	'2016-12-20 12:20:00',	14.1,	60,	7,	2),
(276,	'2016-12-20 15:20:00',	19.8,	70,	5,	2),
(277,	'2016-12-20 18:20:00',	20.5,	80,	9,	2),
(278,	'2016-12-20 21:30:00',	12,	100,	17,	2),
(279,	'2016-12-21 12:20:00',	19.3,	60,	11,	2),
(280,	'2016-12-21 15:20:00',	16.5,	70,	1,	2),
(281,	'2016-12-21 18:20:00',	18.5,	120,	11,	2),
(282,	'2016-12-21 21:30:00',	14.3,	50,	14,	2),
(283,	'2016-12-22 12:20:00',	19.1,	50,	13,	2),
(284,	'2016-12-22 15:20:00',	21.7,	70,	15,	2),
(285,	'2016-12-22 18:20:00',	15,	70,	14,	2),
(286,	'2016-12-22 21:30:00',	12.6,	70,	5,	2),
(287,	'2016-12-23 12:20:00',	16,	140,	18,	2),
(288,	'2016-12-23 15:20:00',	15.3,	120,	19,	2),
(289,	'2016-12-23 18:20:00',	17,	140,	10,	2),
(290,	'2016-12-23 21:30:00',	16.5,	140,	10,	2),
(291,	'2016-12-24 12:20:00',	12.9,	120,	5,	2),
(292,	'2016-12-24 15:20:00',	18.7,	90,	6,	2),
(293,	'2016-12-24 18:20:00',	13.5,	70,	18,	2),
(294,	'2016-12-24 21:30:00',	19.6,	50,	4,	2),
(295,	'2016-12-25 12:20:00',	15,	50,	8,	2),
(296,	'2016-12-25 15:20:00',	14.5,	70,	3,	2),
(297,	'2016-12-25 18:20:00',	19.9,	100,	2,	2),
(298,	'2016-12-25 21:30:00',	21.3,	70,	6,	2),
(299,	'2016-12-26 12:20:00',	13.3,	130,	4,	2),
(300,	'2016-12-26 15:20:00',	21.5,	90,	4,	2),
(301,	'2016-12-26 18:20:00',	20.2,	50,	13,	2),
(302,	'2016-12-26 21:30:00',	12.1,	90,	5,	2),
(303,	'2016-12-27 12:20:00',	12.5,	90,	4,	2),
(304,	'2016-12-27 15:20:00',	12.1,	90,	14,	2),
(305,	'2016-12-27 18:20:00',	14.5,	80,	2,	2),
(306,	'2016-12-27 21:30:00',	12.1,	90,	7,	2),
(307,	'2016-12-28 12:20:00',	12.8,	60,	1,	2),
(308,	'2016-12-28 15:20:00',	16.4,	60,	16,	2),
(309,	'2016-12-28 18:20:00',	20.9,	100,	19,	2),
(310,	'2016-12-28 21:30:00',	16.5,	80,	14,	2),
(311,	'2016-12-29 12:20:00',	12.9,	130,	4,	2),
(312,	'2016-12-29 15:20:00',	20.4,	130,	12,	2),
(313,	'2016-12-29 18:20:00',	18.9,	50,	3,	2),
(314,	'2016-12-29 21:30:00',	12,	110,	6,	2),
(315,	'2016-12-30 12:20:00',	20,	130,	7,	2),
(316,	'2016-12-30 15:20:00',	15.4,	80,	5,	2),
(317,	'2016-12-30 18:20:00',	18.9,	80,	17,	2),
(318,	'2016-12-30 21:30:00',	15.8,	110,	16,	2),
(319,	'2016-12-31 12:20:00',	18.5,	120,	9,	2),
(320,	'2016-12-31 15:20:00',	13.3,	140,	10,	2),
(321,	'2016-12-31 18:20:00',	13,	50,	14,	2),
(322,	'2016-12-31 21:30:00',	21.7,	110,	4,	2),
(323,	'2016-11-16 14:00:00',	21.5,	140,	2,	3),
(324,	'2016-11-16 18:00:00',	16.5,	90,	15,	3),
(325,	'2016-11-16 21:15:00',	16.9,	110,	15,	3),
(326,	'2016-11-17 14:00:00',	21.9,	50,	3,	3),
(327,	'2016-11-17 18:00:00',	18.3,	110,	3,	3),
(328,	'2016-11-17 21:15:00',	14.5,	130,	14,	3),
(329,	'2016-11-18 14:00:00',	18.9,	80,	17,	3),
(330,	'2016-11-18 18:00:00',	18,	90,	5,	3),
(331,	'2016-11-18 21:15:00',	14.9,	100,	2,	3),
(332,	'2016-11-19 14:00:00',	14.7,	140,	3,	3),
(333,	'2016-11-19 18:00:00',	19.2,	90,	7,	3),
(334,	'2016-11-19 21:15:00',	13.1,	110,	16,	3),
(335,	'2016-11-20 14:00:00',	18.3,	110,	5,	3),
(336,	'2016-11-20 18:00:00',	16.5,	80,	9,	3),
(337,	'2016-11-20 21:15:00',	17.7,	80,	3,	3),
(338,	'2016-11-21 14:00:00',	21.6,	110,	8,	3),
(339,	'2016-11-21 18:00:00',	14.1,	120,	3,	3),
(340,	'2016-11-21 21:15:00',	14.2,	100,	15,	3),
(341,	'2016-11-22 14:00:00',	12.4,	120,	12,	3),
(342,	'2016-11-22 18:00:00',	12.9,	120,	16,	3),
(343,	'2016-11-22 21:15:00',	21.8,	100,	8,	3),
(344,	'2016-11-23 14:00:00',	16.7,	80,	10,	3),
(345,	'2016-11-23 18:00:00',	12.5,	140,	13,	3),
(346,	'2016-11-23 21:15:00',	20.4,	110,	10,	3),
(347,	'2016-11-24 14:00:00',	17.3,	50,	12,	3),
(348,	'2016-11-24 18:00:00',	12.8,	90,	5,	3),
(349,	'2016-11-24 21:15:00',	14.4,	130,	8,	3),
(350,	'2016-11-25 14:00:00',	15.5,	50,	19,	3),
(351,	'2016-11-25 18:00:00',	19.9,	100,	17,	3),
(352,	'2016-11-25 21:15:00',	15.8,	110,	16,	3),
(353,	'2016-11-26 14:00:00',	20.1,	110,	16,	3),
(354,	'2016-11-26 18:00:00',	21.2,	120,	4,	3),
(355,	'2016-11-26 21:15:00',	12.2,	110,	18,	3),
(356,	'2016-11-27 14:00:00',	21.6,	90,	1,	3),
(357,	'2016-11-27 18:00:00',	15.4,	80,	7,	3),
(358,	'2016-11-27 21:15:00',	19.6,	70,	4,	3),
(359,	'2016-11-28 14:00:00',	14.2,	130,	10,	3),
(360,	'2016-11-28 18:00:00',	15.3,	120,	19,	3),
(361,	'2016-11-28 21:15:00',	12.6,	80,	5,	3),
(362,	'2016-11-29 14:00:00',	21.6,	50,	17,	3),
(363,	'2016-11-29 18:00:00',	16.7,	70,	4,	3),
(364,	'2016-11-29 21:15:00',	14,	50,	5,	3),
(365,	'2016-11-30 14:00:00',	12.4,	140,	5,	3),
(366,	'2016-11-30 18:00:00',	21.2,	110,	18,	3),
(367,	'2016-11-30 21:15:00',	14.1,	140,	10,	3),
(368,	'2016-12-01 14:00:00',	19.6,	140,	12,	3),
(369,	'2016-12-01 18:00:00',	18.7,	120,	1,	3),
(370,	'2016-12-01 21:15:00',	13.5,	120,	12,	3),
(371,	'2016-12-02 14:00:00',	17.4,	70,	18,	3),
(372,	'2016-12-02 18:00:00',	18.7,	130,	16,	3),
(373,	'2016-12-02 21:15:00',	20.6,	140,	13,	3),
(374,	'2016-12-03 14:00:00',	20.6,	140,	15,	3),
(375,	'2016-12-03 18:00:00',	17,	80,	9,	3),
(376,	'2016-12-03 21:15:00',	14.6,	140,	4,	3),
(377,	'2016-12-04 14:00:00',	15.7,	80,	10,	3),
(378,	'2016-12-04 18:00:00',	20.5,	90,	6,	3),
(379,	'2016-12-04 21:15:00',	15.6,	120,	13,	3),
(380,	'2016-12-05 14:00:00',	13.9,	70,	2,	3),
(381,	'2016-12-05 18:00:00',	16.1,	120,	9,	3),
(382,	'2016-12-05 21:15:00',	14.8,	60,	14,	3),
(383,	'2016-12-06 14:00:00',	16.2,	100,	1,	3),
(384,	'2016-12-06 18:00:00',	20.8,	60,	4,	3),
(385,	'2016-12-06 21:15:00',	19.7,	80,	10,	3),
(386,	'2016-12-07 14:00:00',	19.1,	60,	12,	3),
(387,	'2016-12-07 18:00:00',	20.5,	120,	18,	3),
(388,	'2016-12-07 21:15:00',	16,	100,	13,	3),
(389,	'2016-12-08 14:00:00',	19.5,	140,	10,	3),
(390,	'2016-12-08 18:00:00',	13.3,	70,	4,	3),
(391,	'2016-12-08 21:15:00',	17,	130,	3,	3),
(392,	'2016-12-09 14:00:00',	14.5,	50,	14,	3),
(393,	'2016-12-09 18:00:00',	15.1,	130,	19,	3),
(394,	'2016-12-09 21:15:00',	21.2,	80,	13,	3),
(395,	'2016-12-10 14:00:00',	15.8,	50,	3,	3),
(396,	'2016-12-10 18:00:00',	14,	70,	4,	3),
(397,	'2016-12-10 21:15:00',	16.3,	70,	5,	3),
(398,	'2016-12-11 14:00:00',	20.2,	120,	10,	3),
(399,	'2016-12-11 18:00:00',	13.7,	110,	13,	3),
(400,	'2016-12-11 21:15:00',	13.4,	70,	3,	3),
(401,	'2016-12-12 14:00:00',	15.7,	110,	7,	3),
(402,	'2016-12-12 18:00:00',	12.2,	110,	4,	3),
(403,	'2016-12-12 21:15:00',	13.3,	110,	10,	3),
(404,	'2016-12-13 14:00:00',	21.3,	140,	17,	3),
(405,	'2016-12-13 18:00:00',	19.3,	110,	10,	3),
(406,	'2016-12-13 21:15:00',	17.8,	130,	3,	3),
(407,	'2016-12-14 14:00:00',	14.3,	70,	1,	3),
(408,	'2016-12-14 18:00:00',	14,	120,	12,	3),
(409,	'2016-12-14 21:15:00',	15.3,	100,	16,	3),
(410,	'2016-12-15 14:00:00',	20.4,	110,	4,	3),
(411,	'2016-12-15 18:00:00',	20.6,	130,	18,	3),
(412,	'2016-12-15 21:15:00',	16.9,	110,	7,	3),
(413,	'2016-12-16 14:00:00',	13,	80,	7,	3),
(414,	'2016-12-16 18:00:00',	12.4,	110,	9,	3),
(415,	'2016-12-16 21:15:00',	13.4,	80,	1,	3),
(416,	'2016-12-17 14:00:00',	19.9,	70,	18,	3),
(417,	'2016-12-17 18:00:00',	19.8,	60,	3,	3),
(418,	'2016-12-17 21:15:00',	13.8,	80,	16,	3),
(419,	'2016-12-18 14:00:00',	16.9,	70,	17,	3),
(420,	'2016-12-18 18:00:00',	13.5,	80,	1,	3),
(421,	'2016-12-18 21:15:00',	16.3,	50,	13,	3),
(422,	'2016-12-19 14:00:00',	13.6,	120,	5,	3),
(423,	'2016-12-19 18:00:00',	14.4,	60,	6,	3),
(424,	'2016-12-19 21:15:00',	14.7,	110,	1,	3),
(425,	'2016-12-20 14:00:00',	13,	120,	9,	3),
(426,	'2016-12-20 18:00:00',	18.6,	100,	1,	3),
(427,	'2016-12-20 21:15:00',	21.5,	110,	16,	3),
(428,	'2016-12-21 14:00:00',	12.7,	110,	10,	3),
(429,	'2016-12-21 18:00:00',	20.9,	120,	11,	3),
(430,	'2016-12-21 21:15:00',	15.5,	110,	11,	3),
(431,	'2016-12-22 14:00:00',	14.7,	120,	13,	3),
(432,	'2016-12-22 18:00:00',	18.9,	90,	4,	3),
(433,	'2016-12-22 21:15:00',	17.6,	130,	7,	3),
(434,	'2016-12-23 14:00:00',	14.6,	50,	19,	3),
(435,	'2016-12-23 18:00:00',	19.2,	50,	5,	3),
(436,	'2016-12-23 21:15:00',	13.8,	130,	10,	3),
(437,	'2016-12-24 14:00:00',	15,	130,	4,	3),
(438,	'2016-12-24 18:00:00',	14.2,	140,	14,	3),
(439,	'2016-12-24 21:15:00',	12.6,	130,	10,	3),
(440,	'2016-12-25 14:00:00',	20.9,	70,	19,	3),
(441,	'2016-12-25 18:00:00',	18.9,	70,	3,	3),
(442,	'2016-12-25 21:15:00',	17.7,	120,	14,	3),
(443,	'2016-12-26 14:00:00',	14.3,	140,	5,	3),
(444,	'2016-12-26 18:00:00',	20.1,	100,	5,	3),
(445,	'2016-12-26 21:15:00',	14.3,	110,	18,	3),
(446,	'2016-12-27 14:00:00',	15,	120,	13,	3),
(447,	'2016-12-27 18:00:00',	15.2,	50,	12,	3),
(448,	'2016-12-27 21:15:00',	15,	130,	19,	3),
(449,	'2016-12-28 14:00:00',	19,	140,	2,	3),
(450,	'2016-12-28 18:00:00',	19.5,	110,	5,	3),
(451,	'2016-12-28 21:15:00',	13.2,	130,	3,	3),
(452,	'2016-12-29 14:00:00',	15.3,	110,	18,	3),
(453,	'2016-12-29 18:00:00',	14.2,	70,	7,	3),
(454,	'2016-12-29 21:15:00',	17.5,	90,	14,	3),
(455,	'2016-12-30 14:00:00',	12.5,	80,	4,	3),
(456,	'2016-12-30 18:00:00',	12.8,	50,	16,	3),
(457,	'2016-12-30 21:15:00',	12.7,	70,	14,	3),
(458,	'2016-12-31 14:00:00',	17.4,	90,	8,	3),
(459,	'2016-12-31 18:00:00',	20,	60,	1,	3),
(460,	'2016-12-31 21:15:00',	19,	100,	6,	3),
(461,	'2016-11-16 15:30:00',	21.3,	130,	6,	4),
(462,	'2016-11-16 19:45:00',	13.3,	130,	2,	4),
(463,	'2016-11-17 15:30:00',	21.9,	110,	3,	4),
(464,	'2016-11-17 19:45:00',	19,	60,	14,	4),
(465,	'2016-11-18 15:30:00',	21,	70,	2,	4),
(466,	'2016-11-18 19:45:00',	15.7,	120,	17,	4),
(467,	'2016-11-19 15:30:00',	20.3,	90,	9,	4),
(468,	'2016-11-19 19:45:00',	16.8,	100,	5,	4),
(469,	'2016-11-20 15:30:00',	18.1,	50,	8,	4),
(470,	'2016-11-20 19:45:00',	14.1,	120,	1,	4),
(471,	'2016-11-21 15:30:00',	20,	110,	13,	4),
(472,	'2016-11-21 19:45:00',	14.1,	90,	5,	4),
(473,	'2016-11-22 15:30:00',	15.2,	130,	5,	4),
(474,	'2016-11-22 19:45:00',	17.6,	140,	17,	4),
(475,	'2016-11-23 15:30:00',	20.8,	100,	2,	4),
(476,	'2016-11-23 19:45:00',	16.5,	90,	14,	4),
(477,	'2016-11-24 15:30:00',	16.7,	120,	5,	4),
(478,	'2016-11-24 19:45:00',	18.5,	80,	7,	4),
(479,	'2016-11-25 15:30:00',	12.4,	60,	6,	4),
(480,	'2016-11-25 19:45:00',	21.6,	140,	5,	4),
(481,	'2016-11-26 15:30:00',	21.1,	90,	4,	4),
(482,	'2016-11-26 19:45:00',	13,	80,	9,	4),
(483,	'2016-11-27 15:30:00',	20.7,	60,	2,	4),
(484,	'2016-11-27 19:45:00',	19.5,	80,	2,	4),
(485,	'2016-11-28 15:30:00',	12.9,	120,	2,	4),
(486,	'2016-11-28 19:45:00',	16.4,	60,	16,	4),
(487,	'2016-11-29 15:30:00',	15.1,	130,	3,	4),
(488,	'2016-11-29 19:45:00',	15.7,	100,	12,	4),
(489,	'2016-11-30 15:30:00',	19.1,	110,	6,	4),
(490,	'2016-11-30 19:45:00',	19.8,	140,	2,	4),
(491,	'2016-12-01 15:30:00',	15.9,	140,	3,	4),
(492,	'2016-12-01 19:45:00',	14.6,	60,	15,	4),
(493,	'2016-12-02 15:30:00',	16.2,	120,	18,	4),
(494,	'2016-12-02 19:45:00',	15.8,	50,	5,	4),
(495,	'2016-12-03 15:30:00',	14.9,	70,	12,	4),
(496,	'2016-12-03 19:45:00',	20.3,	70,	8,	4),
(497,	'2016-12-04 15:30:00',	13.1,	60,	14,	4),
(498,	'2016-12-04 19:45:00',	21.4,	130,	12,	4),
(499,	'2016-12-05 15:30:00',	17.4,	60,	13,	4),
(500,	'2016-12-05 19:45:00',	21.2,	140,	14,	4),
(501,	'2016-12-06 15:30:00',	18.7,	90,	15,	4),
(502,	'2016-12-06 19:45:00',	19.2,	140,	8,	4),
(503,	'2016-12-07 15:30:00',	17.2,	100,	18,	4),
(504,	'2016-12-07 19:45:00',	19.2,	70,	12,	4),
(505,	'2016-12-08 15:30:00',	13.8,	140,	8,	4),
(506,	'2016-12-08 19:45:00',	16.8,	90,	6,	4),
(507,	'2016-12-09 15:30:00',	14.9,	110,	18,	4),
(508,	'2016-12-09 19:45:00',	14.8,	90,	1,	4),
(509,	'2016-12-10 15:30:00',	12.6,	140,	5,	4),
(510,	'2016-12-10 19:45:00',	17.6,	90,	12,	4),
(511,	'2016-12-11 15:30:00',	12.5,	80,	12,	4),
(512,	'2016-12-11 19:45:00',	16.8,	120,	15,	4),
(513,	'2016-12-12 15:30:00',	16.3,	50,	19,	4),
(514,	'2016-12-12 19:45:00',	17.7,	80,	12,	4),
(515,	'2016-12-13 15:30:00',	18.7,	100,	12,	4),
(516,	'2016-12-13 19:45:00',	19.5,	60,	4,	4),
(517,	'2016-12-14 15:30:00',	19.5,	90,	10,	4),
(518,	'2016-12-14 19:45:00',	21.7,	90,	19,	4),
(519,	'2016-12-15 15:30:00',	16.5,	120,	4,	4),
(520,	'2016-12-15 19:45:00',	20.1,	90,	8,	4),
(521,	'2016-12-16 15:30:00',	19.1,	90,	16,	4),
(522,	'2016-12-16 19:45:00',	14.4,	80,	1,	4),
(523,	'2016-12-17 15:30:00',	12.1,	130,	16,	4),
(524,	'2016-12-17 19:45:00',	13,	90,	13,	4),
(525,	'2016-12-18 15:30:00',	17.3,	140,	1,	4),
(526,	'2016-12-18 19:45:00',	14.3,	60,	9,	4),
(527,	'2016-12-19 15:30:00',	17.2,	60,	16,	4),
(528,	'2016-12-19 19:45:00',	12.2,	120,	16,	4),
(529,	'2016-12-20 15:30:00',	19.2,	90,	10,	4),
(530,	'2016-12-20 19:45:00',	18.5,	120,	3,	4),
(531,	'2016-12-21 15:30:00',	12.9,	90,	14,	4),
(532,	'2016-12-21 19:45:00',	18.7,	110,	11,	4),
(533,	'2016-12-22 15:30:00',	18.5,	100,	19,	4),
(534,	'2016-12-22 19:45:00',	19.2,	50,	4,	4),
(535,	'2016-12-23 15:30:00',	12.8,	120,	14,	4),
(536,	'2016-12-23 19:45:00',	20.4,	50,	8,	4),
(537,	'2016-12-24 15:30:00',	20.3,	60,	17,	4),
(538,	'2016-12-24 19:45:00',	14.3,	100,	12,	4),
(539,	'2016-12-25 15:30:00',	12.8,	120,	8,	4),
(540,	'2016-12-25 19:45:00',	12.2,	60,	14,	4),
(541,	'2016-12-26 15:30:00',	15.3,	100,	14,	4),
(542,	'2016-12-26 19:45:00',	15.2,	130,	16,	4),
(543,	'2016-12-27 15:30:00',	20.3,	130,	6,	4),
(544,	'2016-12-27 19:45:00',	16.4,	110,	1,	4),
(545,	'2016-12-28 15:30:00',	21.8,	70,	16,	4),
(546,	'2016-12-28 19:45:00',	13.4,	130,	10,	4),
(547,	'2016-12-29 15:30:00',	16.6,	110,	14,	4),
(548,	'2016-12-29 19:45:00',	21.8,	130,	2,	4),
(549,	'2016-12-30 15:30:00',	17.9,	120,	15,	4),
(550,	'2016-12-30 19:45:00',	14.1,	80,	16,	4),
(551,	'2016-12-31 15:30:00',	21.2,	50,	5,	4),
(552,	'2016-12-31 19:45:00',	14.6,	120,	15,	4);

CREATE TABLE `theater` (
  `id` int(11) NOT NULL AUTO_INCREMENT,
  `theaterName` varchar(30) NOT NULL,
  `location` varchar(50) NOT NULL,
  PRIMARY KEY (`id`)
) ENGINE=InnoDB DEFAULT CHARSET=utf8;

INSERT INTO `theater` (`id`, `theaterName`, `location`) VALUES
(1,	'Marina Cinema',	'KLCC, Kuala Kumpur'),
(2,	'Cinema City',	'Johor Bahru, Johor'),
(3,	'Egypt Cinema',	'Sunway Pyramid, Subang Jaya'),
(4,	'Lagoon Cinema',	'George Town, Penang');

-- 2016-12-07 06:42:27
